-- MySQL dump 10.13  Distrib 5.7.21, for Win64 (x86_64)
--
-- Host: 127.0.0.1    Database: web
-- ------------------------------------------------------
-- Server version	5.7.21-log

/*!40101 SET @OLD_CHARACTER_SET_CLIENT=@@CHARACTER_SET_CLIENT */;
/*!40101 SET @OLD_CHARACTER_SET_RESULTS=@@CHARACTER_SET_RESULTS */;
/*!40101 SET @OLD_COLLATION_CONNECTION=@@COLLATION_CONNECTION */;
/*!40101 SET NAMES utf8 */;
/*!40103 SET @OLD_TIME_ZONE=@@TIME_ZONE */;
/*!40103 SET TIME_ZONE='+00:00' */;
/*!40014 SET @OLD_UNIQUE_CHECKS=@@UNIQUE_CHECKS, UNIQUE_CHECKS=0 */;
/*!40014 SET @OLD_FOREIGN_KEY_CHECKS=@@FOREIGN_KEY_CHECKS, FOREIGN_KEY_CHECKS=0 */;
/*!40101 SET @OLD_SQL_MODE=@@SQL_MODE, SQL_MODE='NO_AUTO_VALUE_ON_ZERO' */;
/*!40111 SET @OLD_SQL_NOTES=@@SQL_NOTES, SQL_NOTES=0 */;

--
-- Table structure for table `lesson`
--

DROP TABLE IF EXISTS `lesson`;
/*!40101 SET @saved_cs_client     = @@character_set_client */;
/*!40101 SET character_set_client = utf8 */;
CREATE TABLE `lesson` (
  `id` int(11) NOT NULL,
  `subject_id` int(11) NOT NULL,
  `name` varchar(45) NOT NULL,
  `state` varchar(45) NOT NULL,
  PRIMARY KEY (`id`)
) ENGINE=InnoDB DEFAULT CHARSET=latin1;
/*!40101 SET character_set_client = @saved_cs_client */;

--
-- Dumping data for table `lesson`
--

LOCK TABLES `lesson` WRITE;
/*!40000 ALTER TABLE `lesson` DISABLE KEYS */;
INSERT INTO `lesson` VALUES (1000,1000,'Home','home'),(1001,1000,'Overview','overview'),(1002,1000,'Basic Tags','basictags'),(1003,1000,'Elements','elements'),(1004,1000,'Attributes','attributes'),(1005,1000,'Formatting','formatting'),(1006,1000,'Phrase Tags','phrasetags'),(1007,1000,'Meta Tags','metatags'),(1008,1000,'Comments','comments'),(1009,1000,'Images','images'),(1010,1000,'Tables','tables'),(1011,1000,'Lists','lists'),(1012,1000,'Text Links','textlinks'),(1013,1000,'Image Links','imagelinks'),(1014,1000,'Email Links','emaillinks'),(1015,1000,'Frames','frames'),(1016,1000,'Iframes','iframes'),(1017,1000,'Blocks','blocks'),(1018,1000,'Backgrounds','backgrounds'),(1019,1000,'Colors','colors'),(1020,1000,'Fonts','fonts'),(1021,1000,'Forms','forms'),(1022,1000,'Embed Multimedia','embedmultimedia'),(1023,1000,'Marquees','marquees'),(1024,1000,'Header','header'),(1025,1000,'Style Sheet','stylesheet'),(1026,1000,'Javascript','javascript'),(1027,1000,'Layouts','layouts'),(1028,1001,'Home','home'),(1029,1001,'Introduction','introduction'),(1030,1001,'Syntax','syntax'),(1031,1001,'Inclusion','inclusion'),(1032,1001,'Measurement Units','measurementunits'),(1033,1001,'Colors','colors'),(1034,1001,'Backgrounds','backgrounds'),(1035,1001,'Fonts','fonts'),(1036,1001,'Text','text'),(1037,1001,'Images','images'),(1038,1001,'Links','links'),(1039,1001,'Tables','tables'),(1040,1001,'Borders','borders'),(1041,1001,'Margins','margins'),(1042,1001,'Lists','lists'),(1043,1001,'Padding','padding'),(1044,1001,'Cursors','cursors'),(1045,1001,'Outlines','outlines'),(1046,1001,'Dimension','dimension'),(1047,1001,'Scrollbars','scrollbars'),(1048,1001,'Visibility','visibility'),(1049,1001,'Positioning','positioning'),(1050,1001,'Layers','layers'),(1051,1001,'Pseudo Classes','pseudoclasses'),(1052,1001,'Pseudo Elements','pseudoelements'),(1053,1001,'@ Rules','arules'),(1054,1001,'Text Effects','texteffects'),(1055,1001,'Media Types','mediatypes'),(1056,1001,'Paged Media','pagedmedia'),(1057,1001,'Aural Media','auralmedia'),(1058,1001,'Printing','printing'),(1059,1001,'Layouts','layouts'),(1060,1001,'Validations','validations'),(1061,1002,'Home','home'),(1062,1002,'Overview','overview'),(1063,1002,'Syntax','syntax'),(1064,1002,'Enabling','enabling'),(1065,1002,'Placement','placement'),(1066,1002,'Variables','variables'),(1067,1002,'Operators','operators'),(1068,1002,'If - Else','ifelse'),(1069,1002,'Switch Case','switchcase'),(1070,1002,'While Loop','whileloop'),(1071,1002,'For Loop','forloop'),(1072,1002,'For - in','forin'),(1073,1002,'Loop Control','loopcontrol'),(1074,1002,'Functions','functions'),(1075,1002,'Events','events'),(1076,1002,'Cookies','cookies'),(1077,1002,'Page Redirect','pageredirect'),(1078,1002,'Dialog Boxes','dialogboxes'),(1079,1002,'Void Keyword','voidkeyword'),(1080,1002,'Page Printing','pageprinting'),(1081,1002,'Error Handling','errorhandling'),(1082,1002,'Validations','validations'),(1083,1002,'Animation','animation'),(1084,1002,'Multimedia','multimedia'),(1085,1002,'Debugging','debugging'),(1086,1002,'Image Map','imagemap'),(1087,1002,'Browsers','browsers');
/*!40000 ALTER TABLE `lesson` ENABLE KEYS */;
UNLOCK TABLES;

--
-- Table structure for table `section`
--

DROP TABLE IF EXISTS `section`;
/*!40101 SET @saved_cs_client     = @@character_set_client */;
/*!40101 SET character_set_client = utf8 */;
CREATE TABLE `section` (
  `id_section` int(11) NOT NULL,
  `lesson_id` varchar(45) DEFAULT NULL,
  `name` varchar(45) DEFAULT NULL,
  PRIMARY KEY (`id_section`)
) ENGINE=InnoDB DEFAULT CHARSET=latin1;
/*!40101 SET character_set_client = @saved_cs_client */;

--
-- Dumping data for table `section`
--

LOCK TABLES `section` WRITE;
/*!40000 ALTER TABLE `section` DISABLE KEYS */;
INSERT INTO `section` VALUES (1000,'1000','HTML Tutorial'),(1001,'1000','Audience'),(1002,'1000','Prerequisites'),(1003,'1001','Overview'),(1004,'1001','Basic HTML Document'),(1005,'1001','HTML Tags'),(1006,'1001','HTML Document Structure'),(1007,'1001','The <!DOCTYPE> Declaration'),(1008,'1002','Heading Tags'),(1009,'1002','Paragraph Tag'),(1010,'1002','Line Break Tag'),(1011,'1002','Centering Content'),(1012,'1002','Horizontal Lines'),(1013,'1002','Preserve Formatting'),(1014,'1002','Nonbreaking Spaces'),(1015,'1028','CSS Tutorial'),(1016,'1028','Audience'),(1017,'1028','Prerequisites'),(1018,'1029','What is CSS?'),(1019,'1029','Advantages of CSS'),(1020,'1029','Who Creates and Maintains CSS?'),(1021,'1029','CSS Versions'),(1022,'1029','Demo CSS'),(1023,'1030','Introduction'),(1024,'1030','The Type Selectors'),(1025,'1030','The Universal Selectors'),(1026,'1030','The Descendant Selectors'),(1027,'1030','The Class Selectors'),(1028,'1030','The ID Selectors'),(1029,'1030','The Child Selectors'),(1030,'1030','The Attribute Selectors'),(1031,'1030','Multiple Style Rules'),(1032,'1030','Grouping Selectors');
/*!40000 ALTER TABLE `section` ENABLE KEYS */;
UNLOCK TABLES;

--
-- Table structure for table `section_content`
--

DROP TABLE IF EXISTS `section_content`;
/*!40101 SET @saved_cs_client     = @@character_set_client */;
/*!40101 SET character_set_client = utf8 */;
CREATE TABLE `section_content` (
  `id` int(11) NOT NULL,
  `section_id` int(11) DEFAULT NULL,
  `content` longtext,
  `code` longtext,
  `language` varchar(45) DEFAULT NULL,
  `content_type` varchar(45) DEFAULT NULL,
  `description` longtext,
  `warning` longtext,
  PRIMARY KEY (`id`)
) ENGINE=InnoDB DEFAULT CHARSET=latin1;
/*!40101 SET character_set_client = @saved_cs_client */;

--
-- Dumping data for table `section_content`
--

LOCK TABLES `section_content` WRITE;
/*!40000 ALTER TABLE `section_content` DISABLE KEYS */;
INSERT INTO `section_content` VALUES (1000,1000,'HTML stands for Hyper Text Markup Language, which is the most widely used language on Web to develop web pages. HTML was created by Berners-Lee in late 1991 but \"HTML 2.0\" was the first standard HTML specification which was published in 1995. HTML 4.01 was a major version of HTML and it was published in late 1999. Though HTML 4.01 version is widely used but currently we are having HTML-5 version which is an extension to HTML 4.01, and this version was published in 2012.',NULL,NULL,'TEXT',NULL,NULL),(1001,1001,'This tutorial is designed for the aspiring Web Designers and Developers with a need to understand the HTML in enough detail along with its simple overview, and practical examples. This tutorial will give you enough ingredients to start with HTML from where you can take yourself at higher level of expertise.',NULL,NULL,'TEXT',NULL,NULL),(1002,1002,'Before proceeding with this tutorial you should have a basic working knowledge with Windows or Linux operating system, additionally you must be familiar with - <ul> <li>Experience with any text editor like notepad, notepad&plus;&plus;, or Edit plus etc.</li> <li>How to create directories and files on your computer.</li> <li>How to navigate through different directories.</li> <li>How to type content in a file and save them on a computer.</li> <li>Understanding about images in different formats like JPEG, PNG format.</li> </ul>',NULL,NULL,'TEXT',NULL,NULL),(1003,1003,'<p>HTML stands for <b><u>H</u></b>yper<b><u>t</u></b>ext <b><u>M</u></b>arkup <b><u>L</u></b>anguage, and it is the most widely used language to write Web Pages.</p> <ul class=\"list\"> <li><p><b>Hypertext</b> refers to the way in which Web pages (HTML documents) are linked together. Thus, the link available on a webpage is called Hypertext.</p></li> <li><p>As its name suggests, HTML is a <b>Markup Language</b> which means you use HTML to simply \"mark-up\" a text document with tags that tell a Web browser how to structure it to display.</p></li> </ul> <p>Originally, HTML was developed with the intent of defining the structure of documents like headings, paragraphs, lists, and so forth to facilitate the sharing of scientific information between researchers.</p> <p>Now, HTML is being widely used to format web pages with the help of different tags available in HTML language.</p>',NULL,NULL,'TEXT',NULL,NULL),(1004,1004,'In its simplest form, following is an example of an HTML document','<!DOCTYPE html>','HTML','TEXT',NULL,NULL),(1005,1005,'<p>As told earlier, HTML is a markup language and makes use of various tags to format the content. These tags are     enclosed within angle braces <b>&lt;Tag Name&gt;</b>. Except few tags, most of the tags have their corresponding     closing tags. For example, <b>&lt;html&gt;</b> has its closing tag <b>&lt;/html&gt;</b> and <b>&lt;body&gt;</b> tag     has its closing tag <b>&lt;/body&gt;</b> tag etc.</p> <p>Above example of HTML document uses the following tags &minus;</p> <table class=\"table table-striped table-bordered\">     <tr>         <th>Sr.No</th>         <th style=\"text-align:center;\">Tag &amp; Description</th>     </tr>     <tr>         <td class=\"ts\">1</td>         <td> <b>&lt;!DOCTYPE...&gt;</b>             <p>This tag defines the document type and HTML version.</p>         </td>     </tr>     <tr>         <td class=\"ts\">2</td>         <td> <b>&lt;html&gt;</b>             <p>This tag encloses the complete HTML document and mainly comprises of document header which is                 represented by &lt;head&gt;...&lt;/head&gt; and document body which is represented by                 &lt;body&gt;...&lt;/body&gt; tags.</p>         </td>     </tr>     <tr>         <td class=\"ts\">3</td>         <td> <b>&lt;head&gt;</b>             <p>This tag represents the document\'s header which can keep other HTML tags like &lt;title&gt;,                 &lt;link&gt; etc.</p>         </td>     </tr>     <tr>         <td class=\"ts\">4</td>         <td> <b>&lt;title&gt;</b>             <p>The &lt;title&gt; tag is used inside the &lt;head&gt; tag to mention the document title.</p>         </td>     </tr>     <tr>         <td class=\"ts\">5</td>         <td> <b>&lt;body&gt;</b>             <p>This tag represents the document\'s body which keeps other HTML tags like &lt;h1&gt;, &lt;div&gt;,                 &lt;p&gt; etc.</p>         </td>     </tr>     <tr>         <td class=\"ts\">6</td>         <td> <b>&lt;h1&gt;</b>             <p>This tag represents the heading.</p>         </td>     </tr>     <tr>         <td class=\"ts\">7</td>         <td> <b>&lt;p&gt;</b>             <p>This tag represents a paragraph.</p>         </td>     </tr> </table> <p>To learn HTML, you will need to study various tags and understand how they behave, while formatting a textual     document. Learning HTML is simple as users have to learn the usage of different tags in order to format the text or     images to make a beautiful webpage.</p> <p>World Wide Web Consortium (W3C) recommends to use lowercase tags starting from HTML 4.</p>',NULL,NULL,'TEXT',NULL,NULL),(1006,1006,'A typical HTML document will have the following structure','<html>','HTML','TEXT','We will study all the header and body tags in subsequent chapters, but for now let\'s see what is document declaration tag.',NULL),(1007,1007,'The <!DOCTYPE> declaration tag is used by the web browser to understand the version of the HTML used in the document. Current version of HTML is 5 and it makes use of the following declaration','<!DOCTYPE html>','HTML','TEXT','There are many other declaration types which can be used in HTML document depending on what version of HTML is being used. We will see more details on this while discussing <b>&lt;!DOCTYPE&gt;</b> tag along with other HTML tags.',NULL),(1008,1008,'Any document starts with a heading. You can use different sizes for your headings. HTML also has six levels of headings, which use the elements <b>&lt;h1&gt;, &lt;h2&gt;, &lt;h3&gt;, &lt;h4&gt;, &lt;h5&gt;,</b> and <b>&lt;h6&gt;</b>. While displaying any heading, browser adds one line before and one line after that heading.','<!DOCTYPE html>','HTML','TEXT',NULL,NULL),(1009,1008,'data:image/png;base64,iVBORw0KGgoAAAANSUhEUgAAAx8AAAGXCAIAAABdunpuAAAAAXNSR0IArs4c6QAAAARnQU1BAACxjwv8YQUAAAAJcEhZcwAADsMAAA7DAcdvqGQAADKYSURBVHhe7d2/a9va4/9x/xlaAx2+gQ7tFsN3qaFDDR2uIcMNdAieiulwMR2K6RJEhmI6FPMeiulQkIcL7lBwhoK7FJSh4AwX3KHgDBk8ZNCQQUOGfPTjSDqSjh3ZPk6c9PlYPrUkn3Mk5370ep9zdFS6AgAAgD6kKwAAAJ1IVwAAADqRrgAAAHQiXQEAAOhEugIAANCJdAUAAKAT6QoAAEAn0hUAAIBOpCsAAACdSFcAAAA6ka4AAAB0Il0BAADoRLoCAADQiXQFAACgE+kKAABAJ9IVAACATqQrAAAAnUhXAAAAOpGuAAAAdCJdAQAA6ES6AgAA0Il0BQAAoBPpCgAAQCfSFQAAgE6kKwAAAJ1IVwAAADqRrgAAAHQiXQEAAOhEugIAANCJdAUAAKAT6QoAAEAn0hUAAIBOpCsAAACdSFcAAAA6ka4AAAB0Il0BAADoRLoCAADQ6b6nq4ux9bq6bZRKxnb1tTV2xOYbtQltQDHuL6v5PPitHlabPX4rAMAyiqWrY7O0BrXeVJR/ZtXEtpwDWxyzBHdk7ohihB3TvhA7b8jttmH2D5dc/Htp7l/srHN3f5plcYhQPrBdsfP+c34POi+rWyVzhf/kAAC+zUhXnovJ4E3m1hZYIV05XxuiEMkNp4pbb4N7Puq+METFknuergILnrszeCkOkNSsM7H7/nKn3zuNZ1vijElXALCyxdOVUWl+Go6njvS/6afWrtiZlvp/064zHR+1aw/EPk/2Jneq6sFaIV2NDhV31pU6wxa3CW24+tES9Ur+hHTl+92tiDNOzDj3kan6rcxjsfsecqf2p2ZV+k8yQLoCgFUtmK52TFsxFaVQuhIuRu3n4iaWu8nZihRA39XqVLH1T0lXqkHnGef+B/VduWe2dVCLe6vSSFcAsKpF0pWxZ52KDWmLpCvPhd165O/OpyvFAOQq3TzMuwotkDDunUXO/U+YdzU9tsy//Wn7s5GuAGBVC6Sr6seJ+Ji1YLq6unK+1L3da09XHmcDnte79TaQrtLmnLvz371+ZvC833jWaPcGo1Nn+mvYfaWa6Ui6AoCVFU9X9f65+JSzcLq6coct40bSFTykq7Q/5dyvN+48FddEQroCgFUVTle71uw70uLpyotXr0lXN4V0lUa6itlvxTWRkK4AYFVF09Xj9yPxb4Ul0pU/3Zt0dUNIV2mkq5h9IK6JhHQFAKsqlq6usUy6UiFdrQfpKo10FSNdAcA63J10dTm1e2b9Sfi4k7H9pG727Oml2Lm66bHVflkri7V/tspP/fInF169E+uFcTP343W1YX7CcCaDD43aTvh4/lZ5t9E5miwwm9v7+qdm/Wk5/L7xsFJ72Rn8LlqAez4e9jrN/UpFNMDj/bi1xjvLPlvgcb1gnfFa5aH466jGbbiFdOWMv7QbwdR48Yf6pejseOf30HrXqEUXM/wbaH5Y7FIshHQFAOtwN9KV87MjL0MaM560hoq59qpyIqrFIScD9cNTicXvx5vQhsjshDH50qwEKSBja787vn7ZCGf0YdaaSUbl7XB+pPCfzkvWB1cyqoeq5dUyLsbdfWU5W/XepFC6ipdzU0j/Dc8+UpR5Omg+UVxQ43l7NP96ntvt3flXQ2Xlnl3SFQCsw+anq+GkV59329lpq2aEuc5Jd0+VG3LJxrUP4ljj3c6HYX+Y82sg3+2WSjab0IaAMmF8HtuHymQlGC8H85LN5cRKMo2x93HkeG2+dEYfkzM2Xlgz1vBwR++r4rAHtfb3iVj4/2IyeJttUvnVYNZCIL4LO72cWLl1FFwldzo89Kow9g5ahfqu3FTLJdm/4Xlv1zm1lEWE5lxP96QdXY5QdD39d9SY6V1ppCsA2Egbn64Mw7tHVt4O/AEyr6ajVr6Hp/FVfdsavX8sjpBkk81JOynwaWcstoacOPQYh3Mm9c+zCW1Qpiv/upa26p9GQbJxxops8bh9En4/zx+pFEd5RaVyg9PfF9s95cNRfkxr8qkWf7n2OZOdUl8PGHv/zoqVqWZ4yulnLyY9ddqZkVNH7WCR2zTV37DyzUJvTa+y8qv+xDvhS2eYxOXYjOuZy2SP36aWMJ32Ur/e7My6DNIVAKzDxqer7HrZqrrequtRvoUmnWzc4Rvpzva0m7tvRffvZTsJNqENynTlp5aeXJWdf8teLvoIk49VcYQvGxrcb02xx1ft/hbbhd9d+cv5lesnn3ONVVwTn3dt003Ov7VmovzLnJGulG/CUf0NK1+Imck97lC+CiHV9Zx0n4m9kVwIy/18s9f1XRjpCgDWYePT1W72f6kr7gez1uJSzZJJJ5tMd0UmcATCW+nSyWYT2qBKV5kOEvWPqKzxvO8vtB8zcr9y+sXJxpthqifm3z2xI5IZMst01QSUf0i5riZVCHOPzXzn4awx1qJRQ51Wa+n3RE26+YU689fzOJ9pm6nr5cudqdHKHbMk0hUArMPdmNUuU9wPDFM9ZnZ9ssnXaFTfj9IDja598Lj0etnb2Sa0QZUGcglD9SO+6OdjSHasMx9tM9Wl49e14Ul1wJ6iHflcouzCLHTuwirpKhMi1dcz98esGDhW/DErimr9EPtWRLoCgHW4F+lqVkUL9xsJW7udVLr53a3OW6p+rk1ow9LpSlFjrrX5/hhnkB4NTQ91nfUz04wK9F3lh/wUuaSiHC+7qXS1XFpV1Ki45oqiZp3CokhXALAOf3i68krLjcyEjIp4+mxFm9AGjekqP+Uon65yv2N2Wvp02N4PlnQKX2t97bwr5YSqv8S+mDpwbFS6yl1P0hUA3Et/errKTrJOK7/K3vsXtglt0JiuVKdzrbmvUUo4vwftv8NFODPy6Urxp3IX05ViZPCv/COBiqIYGQSATfbHpyv/Dpd/eF6y0xikZisvaBPaoC8NqIbtClD0b6X4uSpY2Wtrvzv4oGhsNl0Vz0ybna6uTtq5eJWvMd9Rl5/5viTSFQCsA+nK485fV7Nk7KUfB1vEJrRhrekqnxgWMh1G/VVGJViZvdC8q3uTrhQrMlSya1jkFnfILOu1CtIVAKwD6UqYfGnM6z5SrwhfwCa0Ya3patYDm9e6nA7fJS/SiVc1+8PSlWI10eyaqJmJaDumYoXWZZGuAGAdSFeS077yJXGh+pf0IgkFbUIb9KUB1eKojblvzFFzf3Xr0osj5XU4C6Wr7GOJvruarnJXw8tXjV70Jpz0ywmuf1/hgkhXALAOpKu0y/D9dCrz37s3yya0QWMa+Jlf/dK45nRy3GMz3UWXCk+F0tXVKN8O9eyuu5CufH5P3p5ySr9gVJq98VLheh7SFQCswx+erryW1/vn4kPM+Zl5q27g0VIDc5vQBo1pQNVplFtIc678q47Tq6QWS1eqt9Yoo+ddSVc+d/K16eXOrZ1KOe7KMrYr+83u0TjoytKPdAUA60C6mvHWttNBY0d8RZjxtrtrbEIbdKYB5W+tSIcx95tpHsfxKf1SxUCmJcXS1dXkU24Vi/w7eTx3JF25vyx/RHinNZh1xHqQrgBgHf7wdBV0gRiNgSocuN9bqSCwrpHB9bdBaxpwvqReMxgyZr2l52LYNIzmt3in3RLfSKRb4g5f57vsFOlKtUiYYowy96Zn36alK+ebmFwlXagbQroCgHVYa7pq3VS6Ulfkfss8ye7L3IDD0uRZ1Yn0TXS5GeWb0Ibl04BiZUvvlEZmpkfNZ+x9zh17ObFeGIb8+hdVS0qvBknX1o9Wbv0njypdqbrBsvElPwoZMJQztPxgJw6QLJ2uVG9xVqYrKSbm0+GaKf/LXfQ/WwBAlo50daGYixPIrdwzX/4tK57sDUl5P6gp14KafKyI/ZLMXTDOalv73eyS6PJKj49MsWDAgjahDVc/8h1G+YRhK+aJz4qt2WnpIaPyT9c+DZvoOifhUJdpy2ekmrYVJjP/a6dW/Zk56Clmdqk7dc4HuY4po/reFk/bfTf9iWuGoTgtY697MnWzM5lUeUgZ7Ipcz9wiVT7FtDmnvy92eowX3dHsMVb9/J5FUbUk/V5IAMDiVk1X7qnd2Y8XLcrZaVgnTqFIcD6yXqlu2aVy48tY3AgvndFHZWdEqfxmMEnlkujmmpduUqon7EGtfTQO97lng1bSQ1OWZg4Vtwlt8AoZms9VjTCq7eOoDe508EZ58Y29j6OkoZJJT/1DpChWQE2FiQwRLs/7iqFHn+IKzMh5kZ3W8KcqsgtScnJnPqdZfmWNzpN6Z19PL7EVu55yqlOGMLWt8tNKZb/Z/tQfnal+koVcutNfA/WJeHYa3eOJ8ncHABSxbLpSTSeaLzd0IlEOGMn8HqxZ44+x+GapGmHMEiM+qncGp3kp5OcS43Gb0IYCP5Pf43JtU9UTcZwf7VpqlaaUrd22reyGUY7WBcsNRHdzd3SYjyblxlf1hH71w5UeL1p5Dcj+aXkZpd78YA2Ox9M4jhf5Yw67prRfz2l/T2xciFH5pz9Z5inCIn+Wadk+TgDA9bTMu7rDpr1a+cB/AYt7Pra/dFsva5WH4b3avw2bPXu6zD1sMZvQhiVdTkdfus39ZAWBrZ1K/XV38GtuFnTG1utquLbT1k69+WkwyR7ujHvNangRjO3qy85wdjL3uVO7Z9afiOWivDKTi3Zm1f0mdawjezzdwO6Y/JtwilJP1AMAbIA/PV0Bt+uawc15jNZ3Ru8AYBORroBbNvnanPsG75mMwyXf8QgAWCvSFXDbLiajj41tEZkWwaQoANhIpCvgFk0Gr6vhM7fGk1b/1+ypYa7jONPx9678ku+Kcol/AMBtI10Bt0Z6n0/hxeGSZeGqi60nBwC4KaQr4NbIS53VPhXqiJp8FitalN8z6QoANhTpCrg17k/5gUFj+2/T+j6eOk5mHXl/VPB0NOi1G8/EKGLl0F/CAwCwmUhXwG1yf1lNkZkK2XrWtP4jWQHARiNdAbfPdSajI6vzrll/WqnspMKW8bBSeVprvO1YR6P0654AABuKdAUAAKAT6QoAAEAn0hUAAIBOpCsAAACdSFcAAAA6ka4AAAB0Il0BAADoRLoCAADQiXQFAACgE+kKAABAJ9IVAACATqQrAAAAnUhXAAAAOpGuAAAAdCJdAQAA6ES6AgAA0Il0BQAAoBPpCgAAQCfSFQAAgE6kKwAAAJ1IVwAAADqRrgAAAHQiXQEAAOhEugIAANCJdAUAAKAT6QoAAEAn0hUAAIBOpCsAAACdSFcAAAA6ka4AAAB0Il0BAADoRLoCAADQiXQFAACgE+kKAABAJ9IVAACATqQrAAAAnUhXAAAAOpGuAAAAdCJdAQAA6ES6AgAA0Il0BQAAoBPpCgAAQKci6Wpq7ZZWsmtNg4LsA7FBYtrBroImX5vVh0aptFV9bY0vxEa91lrF6lfgtkx7NdHeFEXjb+A30sv5Pei8rJUfBCdkbFf2Tes4/IMFAGAZC6Wrcv3DYDx1xeZ86opSlMd1JsN3ta3cdudHuxJuFBbJFiftsviWz3gzjJuizfqrWOkK3DJ38nnPy02SXONv4DfSaTL4p5I+I2Frv3snoiEAYAMVT1dl8zhzo5yXrkLOUfNxdrtthgcLC2SLbPfJg/ZI7NHmBqpY5QrcvjMrfYGyjb+RC6jLxHqhTFaC8aJPFxYAYAlF09XjAzvXCXF9urq6coevDV3p6n70Xd3tdHVt4+9O39X030w/XJ7R+OqIowEAKKxguqp0f4sPkiLp6urq2DR0patwTo8/P2bN867WW8W9Tlc38htp4Nrmo9LWbnvwywnzn/NrYD7PxS3lnzQAAHMVS1cvTNX4TrF05d2PX2hLV/fCPU9Xd4L7rfn4ZX8iPkUubHNHnFjkD/z7BACsqki6mqVgusogXZGubt/0e3+k6ldzv7dS/VeG8n9XAAAwD+nq5pGuNti0vydOLfBywMQrAMCiNiRdOeMvZv3Jtt9tYGxXX3bs8+DYWPZRtUC+uukwXrjIeFhtfBhOL6/cH61Gr0C7bqAKYakrkDG1rYN6ZSdY8iJYoqn/35wY4E5P+t3X9crTslgjo7RVflo3e7bX+NmcyVGn8Txokne8qGJ2urruAs5c6+tyOvzQqEXn4s/WmnMqzmTwqVlPTkTNPBaHL85uiTJ8tQV+VgAAhA1IV6eD5pPcbGJjzzoVXxAu3fGn9O07XZ17bAZPq5XNH8HN+Xw8OKyG5VY+ZifYqN1AFb5lr4DgNbIeZIvHjX/9Sp0fYauM6vtR/gE952en5mVBY697Ek7fdqdHrfixPuOJaSujzIVtRk0qHwwdL4S508GbWuOrJYePVLryXHcBc2t9tQZh8zJ2TFs1bOd8a0WLUxl7H4MMdj7MzZTyLZ+u5IxoNAbzMy4AACq3nq4Mwyi3joIlSk+7qTvzfj973z9N947I1QWPgGU3Xl1NesFT9wepDDDPDVSxyhXwGnEQRSNp7+idv6yYnzl6qZAXxcFS6VFLyisT669wq0+1qtOk+0zsLZUaA/mLmV88k648cy6gL3PuXvXV9rF/Hpl1Sh+/y853cr4341BYetaNz9P91hQbc6e/jGMzbkZ1gcQMAEDi9tOVdEfMFNjIznnJjD1J1TlfG2Jj3LEkTPsvjAWizw1UscIV8JJEfO9vfks6qqSEUe8n3S2p0oxkClGmlpp1JnaEJp+qYo/ndXrBqpN2mOMiuXQ1+wIGMuf+uPUjKt4dxufge5rkJ9/5oCGFr1RPYWqmVFW1dMgCopxaKu1s8jqoAICNtlGz2nN3/czQ2Ow7d3qJ8K3ah1ESS353qzrSlbYqlr8Co3YyCpbe9VPqcfkUJw+5C6pUehTHhUwthvlT7AiM2mEXXSA34jmn8YHF0pX89XklZ5aA3/tXLjX1xcfvVwhF7lA8MThzWBYAgOttcrrKzZ6ZE33+TT3p5TGeNK15E71nuIEqlr4CqX6jdLeW3Gx5pO90aP7tT0s3Hu51TuJeolHnqTg2NLuW/LTueRnIt550lZkRn/7DSH9xgZibFWW4/EufAABYwD1JV1fn/brYKjOqh/4zfQu4gSqWvQLp/pt0rEk1O71L5kwG7+r1D/2ONO/KM7uWPyldicFHHZO3AAB/tvuSrq6i2eU5/mNxxd/HcgNVLHsFRofKyvP2FC8fvpwO39W2vOjw2YsOC9SyIekq03EozznLfHHZNRSCyXPe9fk4ptsKALCi+5OuPJMvjeSxMlnxGco3UMWyVyDdf5Odij7H9EgsZFAWr+IuXsumpKvMrPaanxEjziB+3GDpNRSC3GxUDvOvKgcAYGH3Kl35TvuKtaNKpcbXYhOkbqCKZa/A5LPctMxU9Fkmg1dRGnxkRtmheC0bk668Rn8JV/kKSKtRSO+uWXa+1Em7PDNaOYOXdUVfIAAAs927dOVzRh9q2bW8C07HuYEqlr0C0rILvgIPx7mjw6SjTTp+gVqMw0wtt5auPM6PdrT0qD/E6Yeh6aAVPkf5oNb5ucQTBuGbm9ULsV65zujjnpE8awkAQCH3JF1Ne3ut76n7o/urW5cXAV85XWmrYukrIA+BeYzmUDHZyxkcWmLYLD0NX+qFmltLZvJ+Lh7NW6vds8505bsY9/+R13vfKu82OkdjfzX5ZUwsf7rVXJkVvwAAuM69SVc1ef1uQVpcYPWRQW1VLH8FXPtAXi3Bn0eVqXLSa7Z/RmHgOFVPsnLVxTBZkzSQqWX4Rt6dWp8zN6+/dZPpKui7CifmayEtfD9bao4XAAAFrJKuRskSliHDLDCGkrmJNqWegevSVeYtK39FnTRh9PHSxpthKm3Ed/riU85voIpVroA/jCV2hcqvuvZZ8H3XGX2qVz9IrZCWGPUZDX/+0OVk8HnYP0jtaRyle2fO+nKGMl50g1f6OeNeo/JiL3V9vEL/Dd7hE5t9AQNzzn3OLp9z1AiGYnN5blnywvezFZzfBgBAYtl0FU5JEXegmLH3cRS+K3iW3Ht8H7e+ibjinvXl58I81fd2MuJz6Yz+l76zl2qdE/HdeJUmf4XP8HXFl84w7Jl4UO8XXHf7BqpY5QqETgcN1XuLvXblJg/Ja7uHtuqf/BUH3GMz1QnmfflFKga5J23xempJsPBEJgOFon6muRfQM+fcnW+tdJOSXb54FfXM9qWdWurVNbJyr2MCAOA6i6er9HjTLNlOl0Dmaf/EgT272ODOnRlvkgVjT9Penr8I5KUzPuo29yv+8uRelNipNT4MJgXvjjdQxSpXQOaFmC/txm5ZTKt/UK697Ax+qxrhjLovq/5hxnb1ZWcojdJNvjSrD/1zMB5Wm72gcyrDGfcP6pXgGK+K+rtw0VTbfFCuPK0337U7vcHw+2jiOG6Y/667gHPOfd5lCc0pPBS26oNlS+c4kzvKdAHOlO17AwDgequMDAI3JTOjf55y6zvdTQCA20S6wt0w+Vda72o+g+E8AMBtIl3hzpj+MKsiQF1DOTANAMDNIF3hLrgYdXaD+WPPzeGp4rkJ15mOj8x4Jj7pCgBwi0hXuANG78UDhfNjk3iNj9FiAVAAwC0iXeEOGH8Qy37OXdszXHjd8B/tBADg9pCucBdcTqz9cFL7Vu3dYDyNloEI+MOC37vNZ1ulB1VTy2pYAACsgHSFO8M9G/U/tZv7lcqO9PigsV15Wmu87fZPJnLkAgDgtpCuAAAAdCJdAQAA6ES6AgAA0Il0BQAAoBPpCgAAQCfSFQAAgE6kKwAAAJ1IVwAAADqRrgAAAHQiXQEAAOhEugIAANCJdAUAAKAT6QoAAEAn0hUAAIBOpCsAAACdSFcAAAA6ka4AAAB0Il0BAADoRLoCAADQiXQFAACgE+kKAABAJ9IVAACATqQrAAAAnUhXAAAAOpGuAAAAdCJdAQAA6ES6AgAA0Il0BQAAoBPpCgAAQCfSFQAAgE6kKwAAAJ1IVwAAADqRrgAAAHQiXQEAAOhEugIAANCJdAUAAKAT6QoAAECnIunKNksLOrBVX6xZZ8HmOS5Gnd2tUsmo/DOYiE3Lc086tQd+Yc2vKxa2+Ims23H2N6n1pmKXbzL4p2KUSlu7ndGF2HQ7Lp3RF7P+ZNtrjPdLbD9vdL7L7QQA4B4qnK6MSuvL2HHDLVNr179bhpL7+vnIelX2N4l0dXXlDFuPgoN814eS0WFwFw40vjpi65JGplTYYMXCFjyRG+HY7yqiRel0Nf13T2wtlR6/H4mtN+982HqS/AYRo3Joi78jAADuo4Lpymh+k2+IM9KVzxm8NJJ0lTryLqerBU/khkg9WBuXri5s8+/W4DT4s3Gnw8OqlLOq3d/BMQAA3EfF0tWzbnpobU66uro6aT9eNl1FI4Nb1df6RgYfVFceGfTcpXQVjQwa23/f1siga39o26mq3cEr0VTP3r/pvxkAAO6RQumqne3/mJuurkbt98umq811t9LVBrgU/zc27dVEW0uP2ydiIwAA90+RdJU3P13JSFfrtMnpKsc+EGODxsuVx2kBANhgN56uzu32fnnL+/Sg2uyNpclc2ScTU8VejK3XtfIDb7Ox/Xd7OL1yvzXNY7FTIftIXSoPOT/a4im2oA3O5aT7xroumxQ/Ecl02HkZNru0tVNvKx+XcyaDT83606Aoz4Ny/aA/VqYPZ9w/qFce+g3feta0frmqdJX6aXzRKK3UdRTwtzvjXrPqF2hsP2/2T8MDU5z/+uZ+JXzkL2+BSHdqBdVv1d7ZRCsAwP12o+mqc9TdS92njb2eNCPq0hm8TnZLxY7aO/6Gzn/+fdn51Q+fRJuXrjzng6ZUWJyunK8Nb/Pj14PppT/b2v5Q92PN7mLp6poTCUy+NvznJx+1hl6rLyfWC/8L5YPU43LOt1bFCBrjb3Unn6IAtGOmJy156aRfD1JaabfjZy93Yu3Xrc+tYJNPulzu+H9VsdWTzIG7Ssr3vOmGTUoYjcG5ODLg2of+sg4er9n+pZ8OmsmDk75C6epiYvda8Zz2rd22naoFAID75ibTlR8aht6d1ZFyz6O2PKVL7l+Ji/XyULChMYgDx4Vt7lyXrtJ5KEpXo3aQDyr/G4efPZPenrFYurr+RNyfZrA0Ran+JeqpOQ4fYTSSZyHPwu6cUulZexRmrnhL9lm/MF96jOSsL4ZSfEz/CnLXnZSuMl16YWaSo5g82TyMoYEkm47ePw62KNLkDNkuSZ+xZ6n6yQAAuB9uMl1VOr/yG1NrJSjTlX0gthjP26Po4GtGBn2qdJXEl3LjS5wPFh0ZvPZEJt1n4cZaEiPiquMkJ2UdEcKkdCWnIucoDjrNodT3NfmUBKOF01X8HKi0UYp0k+5TsbFUMuMioqTr/RgtuSXzuM74qL0XDGgmsk+hAgBwf9zKrHblRp8yXU0+Jmtm+guv99SzknJUtbjDptji29r1p3AVs8iJ/O5GLZY2JskpzmGTweuqv/7Es2Dxgsvp8EM97PHyvY0jjTt8LbbJQccnBaOF01W8XX2w3OckVZocnPrhCnCGb8U4Y6DCklcAgPvqDqSrq7N+epJT8IKX6xOWshZ3dJgEGJ8X15JOrDkWOJGkg0ctdcoBf3Z55Ulr+FPqu0oGK8VoZuDG0lXc/eZJKnW/xel0rz/nZ1dz7bfhwKLvuq5HAADuqruQrrzb8rEp93v4HtSVz7hJZtUy6e+L5/MiRd7NssCJSGchjQzO4P6ymv4k/eBIeWQwSVczupE8a0xX8ryrZNAz7kdcclWF8349/D7pCgBwf92NdOWbDrIvrbtm7s7MWvy+ok/Bo4IJo/V9fr5a4ETks0i/QShLPFdYKj1+F0x42qR05ffzfaiFVynzzKA/AW7JJeAn1l9Bid7lYmI7AOCeujvpypdJRZnMlDGzFiET11LBIm+RE/mZvOHQeDN78vdJOxqkjNYuV6eraf+F2JYdj1tvugqcDpr/X+wslbbK+83u92D5iCVFV4xZ7QCA++sOpCv7oN6XVkhyf3Wig1SZKaGq5cxqhL1EgjN4Hc0E0piu3GEriW2ZNxa79vtOOAwpvbI66shRp6vUs4HJEg9eWUfJBK/aZymuaEpXzo927UGtu0Qn01m//tAoPajlFlAN55BlXgoOAMC9sly6isd3fJWPc7ohNKSryceK8cKS6oieoVtiZNB/ZrBsHku3dvF8n86RQc/ko7Se54N69ySIRO50eFhrRcEiXmnCU/XX33LsA2nG/V/SKZ8P4jlQpZ3WwL8w7vTIX4k08arvxK/205KuRNdaQ462Bcm/o/9g5mlwyu6k/8ovMrOkKgAA98wy6co5iXuPArud0awbsDNsJc+7Gc1wIc3UKupG8yjqjLmc9l9KO14PwrgQ3qqN5+bgV3CkmP1TNn/OvUdP+0kiiasWc5jKjU92ML7ljP8XFP7iugfgFjoRX37uvMeovhfrhnrkHimfF8J+9uUFI0o7Zny0eyyWJ00Ye/Ja7YEw4Tmj91LJzzrxa3pSa7V72/3Lm17YXWz0SV1racZ25Wm9+WnoL3Y/Q7yYas5W7UNyBQAAuJcWS1dyn0ROqvMmoFin2zxWblQfHE7invZM6/TK+T3ovKz6L7zz7u77161TJffHxPyOGbv91nYvp3bPrO/46Wdrp1ZgAa2FTiTmjL+Y4oWGpa3ybqOTHSYT610ZD6uNDyKsTL42q/4bb7bK+9lVJ9zTgXizob83eJ/Msbn9pFJ/3e5+Gdq/po4fW+TutJj/0yh+u13LVm0MWzk7IQnpDsWs9AsKje0ntcY7y74mwwIAcB8sNzKIP4Lzs7P3/8J4pCS9lgcAAERIV1BzTzq1ByXjRTc77HvhTI5aYbfW3AcaAAD4Q5GuoCQWiG/9EJ/TxPgjj/4BAJBHuoKSSFfq3inXNr290qR7AAAQI11BLXpKsdzojabxyuyuMzm2Ws+NAm8iAgDgD0W6wmzn48GnZv1p/OhfyXhYqb1sdY/GydpaAAAgjXQFAACgE+kKAABAJ9IVAACATqQrAAAAnUhXAAAAOpGuAAAAdCJdAQAA6ES6AgAA0Il0BQAAoBPpCgAAQCfSFQAAgE6kKwAAAJ1IVwAAADqRrgAAAHQiXQEAAOhEugIAANCJdAUAAKAT6QoAAEAn0hUAAIBOpCsAAACdSFcAAAA6ka4AAAB0Il0BAADoRLoCAADQiXQFAACgE+kKAABAJ9IVAACATqQrAAAAnUhXAAAAOpGuAAAAdCJdAQAA6ES6AgAA0Il0BQAAoBPpCgAAQCfSFQAAgE6kKwAAAJ1IVwAAADqRrgAAAHQqkK7OrFqpoJp1lj3ePBbFKE3+rW8bJeNhvX8qtixqtRKm1q5op+/AFptvxrEp6g3JtV/Y7WdbpdJW9Z3tik03zT02y94v2puKzwAAoJiC6arc6I0ccZ+3k1Cwa4l7rzu1PzXKYbryOIOGOGJ+uhqZhjjMOByJbYtZvQRn8EqUcNPpyqeuffrvnthY2uvfSrw5HzSCC0u6AgBgUYXSlfl5Iv7tU6WrwOhdQ6Qr6ZjN7rvy2QeiqbeRrmbUfst9VxPrhQitpCsAABa1xLyrmelKUjRdbYJNTFe3avI5GdolXQEAsCjSFekqxT02awdWJ5qORroCAGBRN5Kuzu3239tGqbT1rDlIxu+kcjxJtnBGH+rlB6WSsb33YeQ4w+bhrNixegm+dL5x7Hd7flsfVJtf5fFQYfq903ju7y89KNffDaeXYntoemy1X9b8qj3GdvW1NXbErpjzn9VMSrD7b4ODPVH7pz35qQAxlS1ppMe/7O6416yG5/jOzlYyHXbiZqRdE3YvbHPXtC+Syf6kKwAAFrX2dNX63K/Lt/kdc5TMJBp3norNcbaYfKx6nxpf/cDgnFiNHTk25a1eghRc3lr9/S3xb1/Z/CnPenLtw4qXiowXlhe7nO+tx9G/xd6DcqlUaR8H9f5s+43wpM5XPIjnfa955B3mjN6Jo3xSI92j+KmA6EEB71Q/VMS23Y4VtCRW/ZQEQa+KcF/5wE9dYTvDj9dN4Zr2X+xZfvwlXQEAsLy1p6vSTmvgHTTt18Vnw/wpDpLv4lG2GLUf+Z9q8Tz6U2tvXs/T6iXI3ULl1lHQ1n3xWX4O0f3WDELL4/ZJuEGcY/2LH6euTtoixByGaSq5Akl3kWubQdtKj9pRuZPus2CLR46AyWINSbpK+rQMY+tl3/GKexvWKf8Q4vS9nNf9ndmSFKU06dXrvfCika4AAFje+vuufmS3NL/FfSiKbBStsGBUD7PjbiqrlyD3XYl8k2x5PYzaGlcUZ5TojF4O/Hj1uyu6oZ51g4SiSFfu95ZomnTdkrqKp6tSvX+e3vI0rDQJedIXk0s0b1jwd7cWnoiPdAUAwPJubFZ7skW6Yeez0dXofTB0FjCeNK1f84ezVi9BkW+SLfEJusOm2JQTd0Sdj+3vIz/POZPB+71tsTvJNKP3UfKRgtQy6SpqlZS3TPHleekq7nXLEdOtxCf5qpKuAABY1Malq6uryeBVEo9KpXJDNbs8snoJxdJVsgB9POKm4k6H72pb/mDoMHcF1EFKc7qSxwHFAwSTbjg1bScejszJrBqfFRcOAACut4HpyuM/ECdN2xYDYSqrl1AsXU378erp4Xz5POdnp+Y/xBdODM9fgavRYdSgaAjSoztdXbkn7WpQj5jV/iOYRy9aNQPpCgAAfTYzXQWmg9YTEUfigJKzegnF0lXSJ+RvlLrCJtbHYG7WSVt0l4mpWop05XyNngSUrpv2dOVzRt0X0cjkg3L9oJ9fGGKu5KoyMggAwKI2LV3ZppxdfneDRQhmTxjSUELBdJWazlV+M5h6GerSsd83w4HCpF/qWWd8GfUYBcRDhZ7o5X2lUjOaLe8m7xl8FU8qXy1dXYy7+9vBig9LI10BALC8hdOV+7sb39K9m2/3t2rOuPQW5/q/we1Z2lKLF2e6lFarejMMNvn39a3d9vDMLzZaU2r2i4xXL0F+j/J+eJi05a/oWTyPO2pHPWERY08sYSDNWPdt1XuDTrzUgndYeBH8VQ/2wiLCizD52mnG6dAnslTSy+Vd4WhEL1nv6pE5Cp6FTLaUWkPxdKRrH3gtedz6TroCAOB2LJKukpndGUn/ii93WK1nJd1dgeCeLfWBhfyuo6n1rj91JgOxYHq5fjCYzFxVYfUSpK6v0K5lxR1XIbl/7nI6fFevPPQD0tZO3TxKotfVxajjr0dvbD9vWv/5ycY9Cadhbdc/jeUEOjky98ISnjX7p1f24XZlt9H61B+eTJzgqT2pRyrkX96kO00wrexhYfdV7poEjIeV2svOsGhSIl0BALC8JUYGscmcwauwd0zFaAxmz+4HAABakK7uncvJ4B95QYqUObP7AQCAFqSr++XCNp8Ypd3uJDMd7mIyeP24VCp3/hMbAADAmpCu7pfwhTyPGtbJ1I1nm12601/91o5RObz2Rc4AAGBVpKt7Zzrsvm3Unpa3wrFAfwJ+pf660z9Z5SlCAABQFOkKAABAJ9IVAACATqQrAAAAnUhXAAAAOpGuAAAAdCJdAQAA6ES6AgAA0Il0BQAAoBPpCgAAQCfSFQAAgE6kKwAAAJ1IVwAAADqRrgAAAHQiXQEAAOhEugIAANCJdAUAAKAT6QoAAEAn0hUAAIBOpCsAAACdSFcAAAA6ka4AAAB0Il0BAADoRLoCAADQiXQFAACgE+kKAABAJ9IVAACATqQrAAAAnUhXAAAAOpGuAAAAdCJdAQAA6ES6AgAA0Il0BQAAoBPpCgAAQCfSFQAAgE6kKwAAAJ1IVwAAADqRrgAAAHQiXQEAAOhEugIAANCpQLo6NkvXOrCvruzkuF1rKr6cZR/4+2u9WftnOLNq/vdMr5qipGYvXN0iwjMKmcdi4zINXtC0F9Qg838FAABwywqmq5p1Fn5IIlSUJKbWbnxfj/bOTFfXHqAWJ4kkvhQRBay1pitPvnlLNngBUpYV1pjkAABAcYXSlRQR8unKY5tF05Xo6Vk4c4RdQQtmsltMV0s2uDjv1OipAgBgIy0670qZrmJLdk2tyy2mq/UK+guFuFsRAABshLWlqyjZSEkr+a7U7yJ95cwyVTEozi5ykohmO3lbptbBjDAnpat4dlQuaSVJJbtLzJ0K5UJMfIIl00qnq1yD5TBk2skX02Wmqovl6vUojmRYEACATbGedOXx8lMcAuIsld0Sxo4gGQS7ZnUySVnK/xjGl6ABQQmzusqSHOMfrOphChscFBscHDcgODiTjaQEI0oOD1Bck0yDpULCc5cyZbg/ampyUp4Z5xUnxTQCFgAAG2GtI4O5DJFNV+IAUdSMvitPJqyIj3FEK9B3pfgYlxM2T7QtzChRvgmqmBmVovPK57aZX8mUH0Ui9QkmX58l+Tk8s7IpAAC4SbebruKQIR2jkkkbuaG3Ga5JV5mQFLY2nW/U6So6L3EWGtOV+BgVOPfsYtmrCgAAbtPtpiuPFLBmh4lcWJED1uw+m2vSVXIustR5xQ32RbXnzmL1dBW3LSgh2ls8LYVfJ10BALABbj1d+aSoFKWNtHy68knRR9WYwukqbl5KuNevMVv7OtKVL7m2npmRUc3/7oJfAQAAa3Hb866yu9L5KZIJK/ZBNrWog8U16UoV2o6t4N9Ry4N2zoxKUeO1pCvvK+qMmBNWlz5lr8HqYAoAAG7YLaUrsSUIGWHSCnfFR6ZFYUVUGsQLOaZI8Uh2XbrKtSdaFlXefmaZu+EnOYSFRYVbkmviCVuYaXAuTuXSVdS2NHVgiguPL1fxZAYAANateLqKA4FMjjWpkFHarYmAEvJzQPoAP8cEj/slwUIdJqRxQ49f47RnWmdJaepgkc4rNZGQBEXA8iUNSCeYuK7kfKVWifWu4jJzDc5culot9dGvNP0VmfKaZH8LohUAAJtj0b4rrMuMgCXnVwAAcAeQrjZCEK2y3VTKjQAAYMORrjZCMBCZ6abyh//SU9cBAMAdQLraFMlMrwizqQAAuItIVwAAADqRrgAAAHQiXQEAAOhEugIAANCJdAUAAKAT6QoAAEAn0hUAAIBOpCsAAACdSFcAAAA6ka4AAAB0Il0BAADoRLoCAADQiXQFAACgE+kKAABAJ9IVAACATqQrAAAAnUhXAAAAOpGuAAAAdCJdAQAA6ES6AgAA0Il0BQAAoBPpCgAAQCfSFQAAgE6kKwAAAJ1IVwAAADqRrgAAAHQiXQEAAOhEugIAANCJdAUAAKAT6QoAAEAn0hUAAIBOpCsAAACdSFcAAAA6ka4AAAB0Il0BAADoRLoCAADQiXQFAACgE+kKAABAJ9IVAACATqQrAAAAnUhXAAAAOpGuAAAAdLo+XU17tdJMNessOaDWm4rvSOwDcVgBtukdu2spSskKjvSZttiysuOoyLjMM8s/sQNtNYTiy2Ueiy0AAOA+KZauROKJMo0IHN7HMDZNrV1/8w2mqzgM6UtXnkyZ2tNVWOCMCwUAAO6HIunKjLJRJl3Fu+alq3VZR7oS6UdrmbG1Fg4AADbGQvOusukqQrq6lrhEjAYCAHDv6U1XdviPeHQvGBb0halCnsKVi2JR4SLciDIDqoHFOF2Jf8jBJfmutDEu3yennKSRPSldRaN44blIc8usdDt98nkJmUsUlyasI8ABAICNoDNdBTEo00kjvhJ89P8dhiovjig6uuTuKP/f8aSuOekqaEz4bxHpwgYEX0kKERHKb4ZcSxSMwsZEMSu1K12sx9ubPkepdrk0mVxUulgAAHDfaB8ZlP/tkdNVZleOnHtEZ48qV4Xkg/NfDLNL8O9sdaLkMELJzcvsUqer/DmKTBZck1nJST7m+lMDAAB32U2mK4/Yq84W6V6lKIXM6OaZla7EvyVSa0X68cnpKmrMUulK1BgcJr6SvT6Z7elKAQDA/XLD6SqQDjGJTLoKzMor16UrdeF+q1K1p5u3XLryiEp9yUZZeIAoKqw010IAAHAv3GS68v4tBxd1ABLbvX+LWoICi6erqEbRAC8w+d8VrfKaITJTVLtiXC/aVThdJec1W/iVoL8qzHD5MwIAAPdC0XQVJY9YMrAl7aqZB8m/vQOieeIe76NtHphh9PGkerN8UXTzeIHm2PQOFh8V2UU6WCoziizposJNUUuSh/7EwSIqeWoHpmi99y3RjxU4sOecY5TtZMqwlVREtAIA4J9IVAACATqQrAA',NULL,NULL,NULL,NULL,NULL),(1010,1009,'The <b>&lt;p&gt;</b> tag offers a way to structure your text into different paragraphs. Each paragraph of text should go in between an opening <b>&lt;p&gt;</b> and a closing <b>&lt;/p&gt;</b> tag as shown below in the example','<!DOCTYPE html>','HTML','TEXT',NULL,NULL),(1011,1010,'Whenever you use the <b>&lt;br /&gt;</b> element, anything following it starts from the next line. This tag is an example of an <b>empty</b> element, where you do not need opening and closing tags, as there is nothing to go in between them.</p> <p>The &lt;br /&gt; tag has a space between the characters <b>br</b> and the forward slash. If you omit this space, older browsers will have trouble rendering the line break, while if you miss the forward slash character and just use &lt;br&gt; it is not valid in XHTML.','<!DOCTYPE html>','HTML','TEXT',NULL,NULL),(1012,1011,'You can use <b>&lt;center&gt;</b> tag to put any content in the center of the page or any table cell.','<!DOCTYPE html>','HTML','TEXT',NULL,NULL),(1013,1012,'<p>Horizontal lines are used to visually break-up sections of a document. The <b>&lt;hr&gt;</b> tag creates a line from the current position in the document to the right margin and breaks the line accordingly.</p> <p>For example, you may want to give a line between two paragraphs as in the given example below.</p>','<!DOCTYPE html>','HTML','TEXT',NULL,NULL),(1014,1012,'<p>Again <b>&lt;hr /&gt;</b> tag is an example of the <b>empty</b> element, where you do not need opening and closing tags, as there is nothing to go in between them.</p> <p>The <b>&lt;hr /&gt;</b> element has a space between the characters <b>hr</b> and the forward slash. If you omit this space, older browsers will have trouble rendering the horizontal line, while if you miss the forward slash character and just use <b>&lt;hr&gt;</b> it is not valid in XHTML</p>',NULL,NULL,'TEXT',NULL,NULL),(1015,1013,'<p>Sometimes, you want your text to follow the exact format of how it is written in the HTML document. In these cases, you can use the preformatted tag <b>&lt;pre&gt;</b>.</p> <p>Any text between the opening <b>&lt;pre&gt;</b> tag and the closing <b>&lt;/pre&gt;</b> tag will preserve the formatting of the source document.</p>','<!DOCTYPE html>','HTML','TEXT',NULL,NULL),(1016,1013,'Try using the same code without keeping it inside <b>&lt;pre&gt;...&lt;/pre&gt;</b> tags.',NULL,NULL,'TEXT',NULL,NULL),(1017,1014,'<p>Suppose you want to use the phrase \"12 Angry Men.\" Here, you would not want a browser to split the \"12, Angry\" and \"Men\" across two lines</p> <pre> An example of this technique appears in the movie \"12 Angry Men.\" </pre>',NULL,NULL,'TEXT',NULL,NULL),(1018,1014,'<p>In cases, where you do not want the client browser to break text, you should use a nonbreaking space entity <b>&amp;nbsp;</b> instead of a normal space. For example, when coding the \"12 Angry Men\" in a paragraph, you should use something similar to the following code &minus;</p>','<!DOCTYPE html>','HTML','TEXT',NULL,NULL),(1019,1015,'CSS is used to control the style of a web document in a simple and easy way.  CSS is the acronym for \"Cascading Style Sheet\". This tutorial covers both the versions CSS1,CSS2 and CSS3, and gives a complete understanding of CSS, starting from its basics to advanced concepts.',NULL,NULL,'TEXT',NULL,NULL),(1020,1016,'This tutorial will help both students as well as professionals who want to make their websites or personal blogs more attractive.',NULL,NULL,'TEXT',NULL,NULL),(1021,1017,'<p>You should be familiar with:</p> <ul> <li>Basic word processing using any text editor.</li> <li>How to create directories and files.</li> <li>How to navigate through different directories.</li> <li>Internet browsing using popular browsers like Internet Explorer or Firefox.</li> <li>Developing simple Web Pages using HTML or XHTML.</li> </ul> <p>If you are new to HTML and XHTML, then we would suggest you to go through our HTML Tutorial or XHTML Tutorial first.</p>',NULL,NULL,'TEXT',NULL,NULL),(1022,1018,'<p><b>C</b>ascading <b>S</b>tyle <b>S</b>heets, fondly referred to as CSS, is a simple design language intended to simplify the process of making web pages presentable.</p> <p>CSS handles the look and feel part of a web page. Using CSS, you can control the color of the text, the style of fonts, the spacing between paragraphs, how columns are sized and laid out, what background images or colors are used, layout designs,variations in display for different devices and screen sizes as well as a variety of other effects.</p> <p>CSS is easy to learn and understand but it provides powerful control over the presentation of an HTML  document. Most commonly, CSS is combined with the markup languages HTML or XHTML.</p>',NULL,NULL,'TEXT',NULL,NULL),(1023,1029,'<ul> <li><p><b>CSS saves time</b> - You can write CSS once and then reuse same sheet in multiple HTML pages. You can define a style for each HTML element and apply it to as many Web pages as you want.</p></li> <li><p><b>Pages load faster</b> - If you are using CSS, you do not need to write HTML tag attributes every time. Just write one CSS rule of a tag and apply it to all the occurrences of that tag. So less code means faster download times.</p></li> <li><p><b>Easy maintenance</b> - To make a global change, simply change the style, and all elements in all the web pages will be updated automatically.</p></li> <li><p><b>Superior styles to HTML</b> - CSS has a much wider array of attributes than HTML, so you can give a far better look to your HTML page in comparison to HTML attributes.</p></li> <li><p><b>Multiple Device Compatibility</b> - Style sheets allow content to be optimized for more than one type of device. By using the same HTML document, different versions of a website can be presented for handheld devices such as PDAs and cell phones or for printing.</p></li> <li><p><b>Global web standards</b> - Now HTML attributes are being deprecated and it is being recommended to use CSS. So its a good idea to start using CSS in all the HTML pages to make them compatible to future browsers.</p></li>',NULL,NULL,'TEXT',NULL,NULL),(1024,1020,'<p>CSS is created and maintained through a group of people within the W3C called the CSS Working Group. The CSS Working Group creates documents called specifications. When a specification has been discussed and officially ratified by the W3C members, it becomes a recommendation.</p> <p>These ratified specifications are called recommendations because the W3C has no control over the actual implementation of the language. Independent companies and organizations create that software.</p> <p><b>NOTE</b> - The World Wide Web Consortium, or W3C is a group that makes recommendations about how the Internet works and how it should evolve.</p>',NULL,NULL,'TEXT',NULL,NULL),(1025,1021,'<p>Cascading Style Sheets level 1 (CSS1) came out of W3C as a recommendation in December 1996. This version describes the CSS language as well as a simple visual formatting model for all the HTML tags.</p> <p>CSS2 became a W3C recommendation in May 1998 and builds on CSS1. This version adds support for media-specific style sheets e.g. printers and aural devices, downloadable fonts, element positioning and tables.</p>',NULL,NULL,'TEXT',NULL,NULL),(1026,1022,'css-demo.html',NULL,NULL,'CODE',NULL,NULL),(1027,1023,'<p>A CSS comprises of style rules that are interpreted by the browser and then applied to the corresponding elements in your document. A style rule is made of three parts:</p>','.myclass {','CSS','TEXT',NULL,NULL),(1028,1023,NULL,NULL,NULL,'IMAGE','<b>Example</b> - You can define a table border as follows',NULL),(1029,1023,'<p>Here table is a selector and border is a property and given value <i>1px solid #C00</i> is the value of that property.</p>','table {','CSS','TEXT',NULL,NULL),(1030,1024,'This is the same selector we have seen above. Again, one more example to give a color to all level 1 headings','h1 {','CSS','TEXT',NULL,NULL),(1031,1025,'Rather than selecting elements of a specific type, the universal selector quite simply matches the name of any element type','* { ','CSS','TEXT',NULL,NULL),(1032,1026,'Suppose you want to apply a style rule to a particular element only when it lies inside a particular element. As given in the following example, style rule will apply to <b>&lt;em&gt;</b> element only when it lies inside <b>&lt;ul&gt;</b> tag.','ul em {','CSS','CSS',NULL,NULL),(1033,1027,'You can define style rules based on the class attribute of the elements. All the elements having that class will be formatted according to the defined rule.','.black {','CSS','TEXT',NULL,NULL),(1034,1027,'This rule renders the content in black for every element with class attribute set to <i>black</i> in our document. You can make it a bit more particular. For example','This rule renders the content in black for every element with class attribute set to <i>black</i> in our document. You can make it a bit more particular. For example','CSS','TEXT',NULL,NULL),(1035,1027,'<p>This rule renders the content in black for only &lt;h1&gt; elements with class attribute set to <i>black</i>.</p>','<p class=\"center bold\">','HTML','TEXT',NULL,NULL),(1036,1028,'You can define style rules based on the <i>id</i> attribute of the elements. All the elements having that <i>id</i> will be formatted according to the defined rule.','#black {','CSS','TEXT',NULL,NULL),(1038,1028,'<p>This rule renders the content in black for only &lt;h1&gt; elements with <i>id</i> attribute set to <i>black</i>. </p>','#black h2 {','CSS','TEXT','In this example all level 2 headings will be displayed in black color when those headings will lie with in tags having <i>id</i> attribute set to <i>black</i>.',NULL),(1039,1029,'You have seen the descendant selectors. There is one more type of selector, which is very similar to descendants but have different functionality. Consider the following example','body > p {','CSS','TEXT','This rule will render all the paragraphs in black if they are direct child of &lt;body&gt; element. Other paragraphs put inside other elements like &lt;div&gt; or &lt;td&gt would not have any effect of this rule.',NULL),(1040,1030,'You can also apply styles to HTML elements with particular attributes. The style rule below will match all the input elements having a type attribute with a value of <i>text</i>','input[type = \"text\"] {','CSS','TEXT',NULL,NULL),(1041,1030,'<p>The advantage to this method is that the &lt;input type = \"submit\" /&gt; element is unaffected, and the color applied only to the desired text fields.</p>',NULL,NULL,'TEXT',NULL,NULL),(1042,1031,'You may need to define multiple style rules for a single element. You can define these rules to combine multiple properties and corresponding values into a single block as defined in the following example','h1 {','CSS','TEXT',NULL,'Here all the property and value pairs are separated by a <b>semicolon (;)</b>. You can keep them in a single line or multiple lines. For better readability, we keep them in separate lines.'),(1043,1031,'For a while, don\'t bother about the properties mentioned in the above block. These properties will be explained in the coming chapters and you can find complete detail about properties in CSS References',NULL,NULL,'TEXT',NULL,NULL),(1044,1032,'You can apply a style to many selectors if you like. Just separate the selectors with a comma, as given in the following example','h1, h2, h3 {','CSS','TEXT','This define style rule will be applicable to h1, h2 and h3 element as well. The order of the list is irrelevant. All the elements in the selector will have the corresponding declarations applied to them.',NULL),(1045,1032,'You can combine the various <i>id</i> selectors together as shown below','#content, #footer, #supplement {','CSS','TEXT',NULL,NULL);
/*!40000 ALTER TABLE `section_content` ENABLE KEYS */;
UNLOCK TABLES;

--
-- Table structure for table `subject`
--

DROP TABLE IF EXISTS `subject`;
/*!40101 SET @saved_cs_client     = @@character_set_client */;
/*!40101 SET character_set_client = utf8 */;
CREATE TABLE `subject` (
  `id` int(11) NOT NULL,
  `name` varchar(45) NOT NULL,
  `state` varchar(45) NOT NULL,
  PRIMARY KEY (`id`)
) ENGINE=InnoDB DEFAULT CHARSET=latin1;
/*!40101 SET character_set_client = @saved_cs_client */;

--
-- Dumping data for table `subject`
--

LOCK TABLES `subject` WRITE;
/*!40000 ALTER TABLE `subject` DISABLE KEYS */;
INSERT INTO `subject` VALUES (1000,'Html','html'),(1001,'CSS','css'),(1002,'Javascript','javascript');
/*!40000 ALTER TABLE `subject` ENABLE KEYS */;
UNLOCK TABLES;

--
-- Table structure for table `user`
--

DROP TABLE IF EXISTS `user`;
/*!40101 SET @saved_cs_client     = @@character_set_client */;
/*!40101 SET character_set_client = utf8 */;
CREATE TABLE `user` (
  `id_user` int(11) NOT NULL AUTO_INCREMENT,
  `msv` varchar(45) NOT NULL,
  `pass` varchar(45) NOT NULL,
  `name` varchar(45) DEFAULT NULL,
  PRIMARY KEY (`id_user`)
) ENGINE=InnoDB DEFAULT CHARSET=latin1;
/*!40101 SET character_set_client = @saved_cs_client */;

--
-- Dumping data for table `user`
--

LOCK TABLES `user` WRITE;
/*!40000 ALTER TABLE `user` DISABLE KEYS */;
/*!40000 ALTER TABLE `user` ENABLE KEYS */;
UNLOCK TABLES;
/*!40103 SET TIME_ZONE=@OLD_TIME_ZONE */;

/*!40101 SET SQL_MODE=@OLD_SQL_MODE */;
/*!40014 SET FOREIGN_KEY_CHECKS=@OLD_FOREIGN_KEY_CHECKS */;
/*!40014 SET UNIQUE_CHECKS=@OLD_UNIQUE_CHECKS */;
/*!40101 SET CHARACTER_SET_CLIENT=@OLD_CHARACTER_SET_CLIENT */;
/*!40101 SET CHARACTER_SET_RESULTS=@OLD_CHARACTER_SET_RESULTS */;
/*!40101 SET COLLATION_CONNECTION=@OLD_COLLATION_CONNECTION */;
/*!40111 SET SQL_NOTES=@OLD_SQL_NOTES */;

-- Dump completed on 2018-12-23 22:34:04
